"f","question","category","source","decision_manual","ollama","openai","sampled_by"
"601","How can I customize IGMP settings to support IGMP proxy on the downstream UDL device?","ROUTING","coincidencia","ROUTING","","",""
"1486","How do I enable SNMP Manager feature on Cisco ASR 1000 series routers running Cisco IOS XE Release 2.1?","MONITORING","coincidencia","MONITORING","","",""
"4225","How do you configure IPv6 on a tunnel interface in Cisco IOS?","ROUTING","coincidencia","ROUTING","","",""
"4460","How do you enable overhead accounting for bandwidth on gaming and class-default classes in a child policy map named subscriber_classes?","QOS","coincidencia","QOS","","",""
"4135","How can we configure the RADIUS attribute 8 Framed-IP-Address in Access Requests on a Cisco router?","SECURITY","coincidencia","SECURITY","","",""
"913","How can we prioritize LACP (Link Aggregation Control Protocol) in a Cisco router?","CONNECTIVITY","coincidencia","CONNECTIVITY","","",""
"4279","How can you enable global configuration mode and enable system message logging to a local buffer with severity-based limits in Cisco IOS?","MONITORING","coincidencia","MONITORING","","",""
"395","How can we monitor the NAT translation information?","MONITORING","coincidencia","MONITORING","","",""
"1770","How do I enable privileged EXEC mode and display RADIUS servers configured in the global configuration mode?","SECURITY","coincidencia","SECURITY","","",""
"3180","What commands are needed to redistribute connected and static routes for VRFs cust1 and cust2, and originate default information?","ROUTING","coincidencia","ROUTING","","",""
"1773","What is the purpose of the Dynamic Per VRF AAA feature in Cisco IOS XE Release 2.4 and later releases?","SECURITY","coincidencia","SECURITY","","",""
"3046","How can we enable IPv6 NHRP Redirect and Shortcut features on our dual-stack device to optimize routing and trigger NHRP when necessary?","ROUTING","coincidencia","ROUTING","","",""
"123","How do you configure the receiver on the responder to enter IP SLA Y.17.31 delay configuration mode?","MONITORING","coincidencia","MONITORING","","",""
"659","How can we configure an RGMP-enabled router to prevent it from sending an RGMP leave message until it stops receiving or forwarding traffic for a specific multicast group?","ROUTING","coincidencia","ROUTING","","",""
"742","What IP address range would you allocate for the Auto-IP ring and how would you configure one port as the seed port in the Auto-IP ring?","CONNECTIVITY","coincidencia","CONNECTIVITY","","",""
"1587","What commands can you use to configure AAA security services for login authentication methods?","SECURITY","coincidencia","SECURITY","","",""
"3484","How can we adjust the default scheduling length per packet to achieve a specific behavior?","QOS","coincidencia","QOS","","",""
"4141","What is the role of an L2TP Access Concentrator (LAC) in setting up tunnels with the customer tunnel server?","CONNECTIVITY","coincidencia","CONNECTIVITY","","",""
"1988","How do you configure an Ethernet interface as the direct access interface for Direct Cloud Access in the SaaS-DCA environment?","CONNECTIVITY","coincidencia","CONNECTIVITY","","",""
"3568","How can we mark MPLS packets with a specific Experimental value according to the QoS (Quality of Service) policy?","QOS","coincidencia","QOS","","",""
"1032","What is the value of `max-bundle` that should be configured on the DHD to ensure maximum reliability in case of link failures?","CONNECTIVITY","coincidencia","CONNECTIVITY","","",""
"3609","How can you configure egress policing and marking on port-channel member links?","QOS","coincidencia","QOS","","",""
"170","How can I schedule an IP SLAs operation with a specific group number, operation numbers, and life duration?","MONITORING","coincidencia","MONITORING","","",""
"1501","How can you enable the Inter-Switch Link (ISL) for VLAN subinterfaces and set primary or secondary IP addresses for interfaces?","CONNECTIVITY","coincidencia","CONNECTIVITY","","",""
"463","How can we enable connectivity between IPv4 and IPv6 hosts when implementing stateless NAT?","CONNECTIVITY","coincidencia","CONNECTIVITY","","",""
"907","How do you configure a port channel and set the channel group mode?","CONNECTIVITY","coincidencia","CONNECTIVITY","","",""
"2417","How can you match the Internet Control Message Protocol (ICMP) on a Windows system using the `traceroute` command, and configure an out-to-in zone-based policy with ICMP time-exceeded and host unreachable commands using the `pass` command in Cisco IOS XE Release 3.1S?","SECURITY","coincidencia","SECURITY","","",""
"4211","How do you enable QoS group-based LLQ for IPsec encryption engines?","QOS","coincidencia","QOS","","",""
"2564","In an asymmetric routing scenario, what configuration is required to ensure that the redundancy interface identifier (RII) maps correctly to interfaces, route groups (RGs), and applications?","ROUTING","coincidencia","ROUTING","","",""
"1906","What are the IPsec profile configurations for DMVPN on a Cisco device?","SECURITY","coincidencia","SECURITY","","",""
"3181","How can we enable 6VPE support in MPLS over DMVPN phase 2 for the hub by configuring VRF, Tunnel, IPsec Tunnel Protection, WAN Facing Interface, Transport Routing, and Overlay Routing?","ROUTING","coincidencia","ROUTING","","",""
"4479","What is the police rate configuration for VoIP traffic in the given policy-map?","QOS","coincidencia","QOS","","",""
"112","How can you set the timeout for an IP SLAs Ethernet operation to 10 seconds?","MONITORING","coincidencia","MONITORING","","",""
"1042","How do you configure a port channel and its interface?","CONNECTIVITY","coincidencia","CONNECTIVITY","","",""
"1993","How can we configure the application SaaS to connect to the Servicenow domain?","CONNECTIVITY","coincidencia","CONNECTIVITY","","",""
"4520","What is the policing configuration for traffic exceeding the threshold in the ""class-default"" class of the ""parent-policy"" policy map?","QOS","coincidencia","QOS","","",""
"497","What type of address pooling is supported by Cisco routers in both classic and carrier-grade NAT modes?","ROUTING","coincidencia","ROUTING","","",""
"1519","What configuration command would you use to configure periodic MIB data collection and transfer mechanism with retry attempts for file transfers?","MONITORING","coincidencia","MONITORING","","",""
"1131","What are the features of VxLAN GPE tunnel in this configuration?","CONNECTIVITY","coincidencia","CONNECTIVITY","","",""
"1520","How can I configure Cisco router to support all Cisco implemented MIBs for error reporting and statistics during data collection and transfer?","MONITORING","coincidencia","MONITORING","","",""
"510","How can we optimize the High-Speed Logging in Bulk Logging and Port Block Allocation to reduce the volume of NAT high-speed logging?","MONITORING","coincidencia","MONITORING","","",""
"3510","What are the classification statistics and criteria for the video class in this Cisco network configuration?","QOS","coincidencia","QOS","","",""
"1921","How can I configure a DMVPN tunnel from BR84 to DMVPN1 (MPLS) using NHRP and multipoint GRE encapsulation?","ROUTING","coincidencia","CONNECTIVITY","","",""
"3345","How do you configure HSRP with MIB trap support functionality on two devices, with Device A having a higher priority level and enabling preemption?","ROUTING","coincidencia","ROUTING","","",""
"2923","How do you specify the IP address or hostname of the system to which the exporter sends data in Cisco IOS configuration?","MONITORING","coincidencia","MONITORING","","",""
"4056","How can I enable MQC (Match-All) based on transport hierarchy and configure the necessary protocols and class maps for an in-app-hierarchy?","QOS","coincidencia","QOS","","",""
"2779","How can I configure firewall session table protection for a VRF (Virtual Routing and Forwarding) domain?","SECURITY","coincidencia","SECURITY","","",""
"4245","How can we enable PGM Router Assist on a vif interface?","ROUTING","coincidencia","ROUTING","","",""
"756","What are the maximum OAM PDU size settings for receipt and delivery, as well as rate limiting configuration, to control bandwidth allocation for OAM traffic on our Cisco device?","QOS","coincidencia","QOS","","",""
"3650","How can we configure class-based policing to mark RTP traffic with COS 3 if it exceeds the configured rate, while dropping any other excess traffic?","QOS","coincidencia","QOS","","",""
"2353","How do you enable privileged EXEC mode and configure IKE authentication using a crypto keyring and preshared key in Cisco router?","SECURITY","coincidencia","SECURITY","","",""
"2571","How to configure Asymmetric Routing with Redundant Interface Identifier (RII) on both active and standby devices?","ROUTING","coincidencia","ROUTING","","",""
"698","How can you enable IP connectivity on a point-to-point WAN interface without assigning an IP address?","CONNECTIVITY","coincidencia","CONNECTIVITY","","",""
"887","How can you verify connectivity with port tagging configured on the GigabitEthernet0/2 interfaces?","CONNECTIVITY","coincidencia","CONNECTIVITY","","",""
"38","How do you configure IP SLA operations for multicast jitter measurements?","MONITORING","coincidencia","MONITORING","","",""
"4210","What configuration can be used to enable IPsec QoS policies for IPv6 traffic?","QOS","coincidencia","QOS","","",""
"1689","How can we secure the AAA Double Authentication mechanism in our network connections?","SECURITY","coincidencia","SECURITY","","",""
"155","How can we add proactive threshold conditions and reactive triggering for generating traps or starting another operation to an IP Service Level Agreements (SLAs) operation?","MONITORING","coincidencia","MONITORING","","",""
"778","How can you disable high threshold link monitoring for receive CRC errors on the Ethernet OAM interface?","MONITORING","coincidencia","MONITORING","","",""
"1216","What is the configuration for the Loopback interfaces that must be routed throughout the PIM domain to allow communication with the RP?","ROUTING","coincidencia","ROUTING","","",""
"832","How do you define a CFM (Connectivity Fault Management) maintenance domain at a particular level?","MONITORING","coincidencia","MONITORING","","",""
"3","How do I configure the IP Service Level Agreement (SLA) feature on an ASR 920 platform to measure network performance?","MONITORING","coincidencia","MONITORING","","",""
"3401","How do I enable RTP header compression in Cisco IOS?","QOS","coincidencia","QOS","","",""
"3419","What are the steps to implement AAA security services with TACACS+ for PAP authentication on a serial interface?","SECURITY","coincidencia","SECURITY","","",""
"1901","How can we configure the IP address and speed settings for GigabitEthernet interfaces?","CONNECTIVITY","coincidencia","CONNECTIVITY","","",""
"2948","What is the total number of packets sent by the client?","MONITORING","coincidencia","MONITORING","","",""
"3452","How to implement QoS using policy-maps and class-maps in Cisco IOS XE Gibraltar to limit the voice traffic to 10 Mbps for parent-vlan100 and 5 Mbps for parent-vlan200?","QOS","coincidencia","QOS","","",""
"703","How can we configure an IP address with a 31-bit prefix on a point-to-point interface when IP classless addressing is enabled?","CONNECTIVITY","coincidencia","CONNECTIVITY","","",""
"1163","What are some examples of multicast address ranges that can be used for predictable behavior and address reuse within smaller domains?","ROUTING","coincidencia","ROUTING","","",""
"359","What type of traffic does not support asymmetric routing in Interchassis Asymmetric Routing Support for Zone-Based Firewall and NAT?","SECURITY","coincidencia","SECURITY","","",""
"882","Question: How can you apply an IP access list to an interface in Cisco IOS?","SECURITY","coincidencia","SECURITY","","",""
"3448","What is the correct command syntax to create a class-map with match-all semantics in Cisco IOS?","QOS","coincidencia","QOS","","",""
"1025","How can you configure the highest LACP priority and specify system MAC address and system priority values for a given redundancy group in Cisco IOS Release 12.2(33)SRE?","CONNECTIVITY","coincidencia","CONNECTIVITY","","",""
"1822","How can we configure the point-to-point interface to reset immediately after an authentication failure or within a specified number of authentication retries?","SECURITY","coincidencia","SECURITY","","",""
"720","How can we configure a non-owner interface to automatically receive an IP address from the connected neighbor device, and the owner interface to be assigned a preconfigured auto-IP address with an odd number in the last octet?","CONNECTIVITY","coincidencia","CONNECTIVITY","","",""
"4172","How can we increase the maximum number of packets tracked by the IPsec Anti-Replay feature in our Cisco router configuration?","SECURITY","coincidencia","SECURITY","","",""
"563","How can we dynamically translate multicast addresses using Cisco IOS?","ROUTING","coincidencia","ROUTING","","",""
"156","How can you measure the round-trip time (RTT) between a Cisco device and an HTTP server for DNS lookup, TCP connection, and HTTP transaction to retrieve a web page?","MONITORING","coincidencia","MONITORING","","",""
"431","How can you configure Dynamic Stateful Network Address Translation 64 (DS-Lite) to translate IPv6 addresses to IPv4 addresses on a Cisco device?","CONNECTIVITY","coincidencia","CONNECTIVITY","","",""
"1651","How can you configure RADIUS authentication and authorization on Cisco IOS XE software to provide login, PPP, EXEC, and network authorization?","SECURITY","coincidencia","SECURITY","","",""
"1694","How can we implement a throttling mechanism for controlling packets at the NAS level to improve RADIUS server performance?","QOS","coincidencia","QOS","","",""
"1966","How can we enable PfRv3 Remote Prefix Tracking feature to learn the prefix of a remote device from the Routing Information Base (RIB) table in Cisco IOS?","ROUTING","coincidencia","ROUTING","","",""
"552","What is the timeout value for SIP ALG resilience to DoS attacks?","SECURITY","coincidencia","SECURITY","","",""
"394","How do you configure outside dynamic NAT with MPLS VPNs?","ROUTING","coincidencia","CONNECTIVITY","","",""
"3857","What are the configuration settings for channel-based measurement on the Cisco device?","MONITORING","coincidencia","MONITORING","","",""
"1707","How can we minimize the impact of AAA authentication and authorization by caching responses for given users on the router?","SECURITY","coincidencia","SECURITY","","",""
"3451","How can you differentiate traffic for voice, video, and YouTube classes in a policy-map and apply actions like priority, police, and bandwidth?","QOS","coincidencia","QOS","","",""
"580","How can you configure the device to forward multicast traffic when there are no directly connected IGMP hosts?","ROUTING","coincidencia","ROUTING","","",""
"3654","How do you configure QoS Packet Policing with Dual-Rate and Three-Color Policer in Cisco router?","QOS","coincidencia","QOS","","",""
"3688","How does the visible bandwidth of a queue depend on the configuration commands used?","QOS","coincidencia","QOS","","",""
"1810","How can you configure the Login Password Retry Lockout feature to lock out a local AAA user account after a certain number of unsuccessful login attempts?","SECURITY","coincidencia","SECURITY","","",""
"2831","What is the purpose of configuring vTCP on a firewall?","SECURITY","coincidencia","SECURITY","","",""
"4297","How can we maintain counts, rates, and bytes of received, dropped, and forwarded multicast packets?","MONITORING","coincidencia","MONITORING","","",""
"3361","What are the steps to configure VRRP (Virtual Router Redundancy Protocol) on routers in a group?","ROUTING","coincidencia","ROUTING","","",""
"73","How can we enable IP SLAs Cisco Packet Processor (CPP) time stamping to improve the accuracy of IP SLAs UDP jitter operations on our Cisco ASR 1000 Series routers?","MONITORING","coincidencia","MONITORING","","",""
"1941","How do you configure an internet-bound interface with specific attributes for Internet Service Providers (ISPs) using Cisco IOS XE?","CONNECTIVITY","coincidencia","CONNECTIVITY","","",""
"2134","What is the configuration of the RSA key pair used for general purpose and encryption usage in our network?","SECURITY","coincidencia","SECURITY","","",""
"1491","What is the configuration used to define the route-target extended community for a VRF?","ROUTING","coincidencia","ROUTING","","",""
"2327","What is the correct way to configure the DH group identifier for IPSec SA negotiation in Cisco IOS?","SECURITY","coincidencia","SECURITY","","",""
"678","How can we establish a tunnel between the source IP address 9.1.90.97 and the destination IP address 9.1.89.97, specifying the key as 5 and UDLR settings for sending only data over GigabitEthernet2/3/0 while also enabling address resolution?","CONNECTIVITY","coincidencia","CONNECTIVITY","","",""
"2383","What is the correct command to set up an IPsec VPN with the specified configurations and parameters?","SECURITY","coincidencia","SECURITY","","",""
"1287","When processing an incoming (*, G) Join in a PIM-enabled network, how can we ensure that receiving devices use their own RP if it differs from the one specified in the join message?","ROUTING","coincidencia","ROUTING","","",""
"1094","How do I enable Ethernet CFM AIS link status globally?","MONITORING","coincidencia","MONITORING","","",""
"3446","How do you configure class-maps to classify traffic into different classes, such as voice and video, on a Cisco ASR 1000 Series Aggregation Services Router?","QOS","coincidencia","QOS","","",""
"2011","How can we configure prefix updates for multiple IP addresses from a specific source address in Cisco IOS?","ROUTING","coincidencia","ROUTING","","",""
"111","What is the default value for IP SLAs Ethernet ping operations?","MONITORING","coincidencia","MONITORING","","",""
"2273","How do you configure the Source Interface Selection for Outgoing Traffic with Certificate Authority using FastEthernet 1 as the outside interface connected to the Internet Service Provider (ISP) on a Cisco router?","SECURITY","coincidencia","SECURITY","","",""
"737","How can you configure Auto-IP functionality on node interfaces to include them in an Auto-IP Ring?","CONNECTIVITY","coincidencia","CONNECTIVITY","","",""
"1823","What is the authentication method configured for the specified interface?","SECURITY","coincidencia","SECURITY","","",""
"3081","What is the minimum number of connections required to form a tunnel between each cluster and the spoke in the given configuration?","CONNECTIVITY","coincidencia","CONNECTIVITY","","",""
"3521","How does the Max value of the Parent's Schedule Entry affect Bandwidth Sharing in a Cisco IOS configuration?","QOS","coincidencia","QOS","","",""
"1907","What is the NHRP map for Tunnel100 and what is the next hop IP address?","ROUTING","coincidencia","ROUTING","","",""
"963","How can you configure a port channel group number and enter interface configuration mode?","CONNECTIVITY","coincidencia","CONNECTIVITY","","",""
"3667","What is the configuration command to set the offered rate to 13,000 bps and drop rate to 0 bps for the default class, and attach the police-percent policy to a POS OC3 interface?","QOS","coincidencia","QOS","","",""
"4564","How can we ensure that certain types of network traffic are given priority over others when entering the network?","QOS","coincidencia","QOS","","",""
"3450","What are the traffic priorities and rate limiting configurations for the ""voice"" class in the ""simple-example"" policy-map?","QOS","coincidencia","QOS","","",""
"2087","How do you configure the trustpoint for the certificate authority (CA) to disable nonces in communications with the OCSP server?","SECURITY","coincidencia","SECURITY","","",""
"3893","What conditions must be met for a gateway to be considered reachable and routes to be installed in the RIB?","ROUTING","coincidencia","ROUTING","","",""
"3169","What is the subnet mask for the directly connected network on Ethernet1/0?","CONNECTIVITY","coincidencia","CONNECTIVITY","","",""
"675","What is the purpose of GigabitEthernet1/0/0 interface in this configuration?","CONNECTIVITY","coincidencia","CONNECTIVITY","","",""
"1523","How can I export the packet capture in PCAP format suitable for analysis using any external tool?","MONITORING","coincidencia","MONITORING","","",""
"1213","What can be done to ensure consistent RP selection between Cisco and non-Cisco routers in a PIM Version 2 BSR environment?","ROUTING","coincidencia","ROUTING","","",""
"3537","How can you implement a hierarchical policy for GigabitEthernet1/0/0 to manage traffic based on class-maps and service policies?","QOS","coincidencia","QOS","","",""
"13","What happens to one-way delay measurements when time synchronization is not required for one-way jitter and packet loss measurements in Cisco IOS?","MONITORING","coincidencia","MONITORING","","",""
"4091","How can we configure our router to dynamically monitor critical applications and collect detailed Layer 7 metrics for fine-grained NBAR (Network-Based Application Recognition) in selective applications?","MONITORING","coincidencia","MONITORING","","",""
"133","What are the scheduling parameters that can be configured for an individual IP SLAs operation?","QOS","desacuerdo","MONITORING","QOS","MONITORING","ollama"
"3334","What is the correct configuration command to prevent any HSRP state change and ensure the active device's key string is changed no later than one hold-time period after nonactive devices?","ROUTING","desacuerdo","ROUTING","ROUTING","SECURITY","ollama"
"701","How can we minimize the number of IP addresses required for our point-to-point WAN interfaces?","CONNECTIVITY","desacuerdo","ROUTING","CONNECTIVITY","ROUTING","ollama"
"990","How can we configure Cisco's Connectivity Fault Management (CFM) to manage EVCs and untagged Ethernet flow points (EFPs)?","CONNECTIVITY","desacuerdo","CONNECTIVITY","CONNECTIVITY","MONITORING","ollama"
"377","How can you enable VRF-aware interchassis asymmetric routing support for zone-based firewalls and NAT in Cisco devices?","SECURITY","desacuerdo","ROUTING","ROUTING","SECURITY","openai"
"4114","What are the four accounting attributes that can be used to track session information in RADIUS?","SECURITY","desacuerdo","SECURITY","SECURITY","MONITORING","ollama"
"1791","What is the PPoE component type for NAS IP?","CONNECTIVITY","desacuerdo","CONNECTIVITY","SECURITY","CONNECTIVITY","openai"
"66","How can I configure the UPD Jitter Operation with QFP Time Stamping on my XE Gibraltar 16.11.x router?","QOS","desacuerdo","MONITORING","QOS","MONITORING","ollama"
"2868","How does the SIP ALG (Application-Level Gateway) support reliable exchanges of provisional responses between SIP endpoints?","CONNECTIVITY","desacuerdo","CONNECTIVITY","SECURITY","CONNECTIVITY","openai"
"3889","What command must be configured on an interface to initiate BFD monitoring for nonbroadcast media interfaces and VPN routing and forwarding interfaces?","MONITORING","desacuerdo","ROUTING","MONITORING","ROUTING","ollama"
"643","How do you configure an EFP (Ethernet Flow Protocol) on a bridge domain interface?","GENERAL","desacuerdo","CONNECTIVITY","GENERAL","CONNECTIVITY","ollama"
"1685","How do you configure domain stripping at the server group level in Cisco IOS?","GENERAL","desacuerdo","SECURITY","SECURITY","GENERAL","openai"
"438","How can we achieve Interchassis redundancy support for stateful Network Address Translation 64 (NAT64) in our network configuration?","ROUTING","desacuerdo","CONNECTIVITY","ROUTING","CONNECTIVITY","ollama"
"2846","What is the format of the PORT command used by FTP66 ALG to specify the address and port number for a server to connect?","CONNECTIVITY","desacuerdo","CONNECTIVITY","SECURITY","CONNECTIVITY","openai"
"709","How can we conserve IP address space on an interface while allowing the use of the all-zeros subnet as an IP address?","ROUTING","desacuerdo","CONNECTIVITY","GENERAL","ROUTING","openai"
"3999","How can we perform deep-packet inspection into RTP header for classification of RTP packets in Cisco devices?","QOS","desacuerdo","QOS","SECURITY","QOS","openai"
"1982","How can we enable Direct Cloud Access IWAN 2.3 feature to provide the best application experience for SaaS applications like Office 365 and Google services while reducing costs?","CONNECTIVITY","desacuerdo","ROUTING","CONNECTIVITY","ROUTING","ollama"
"81","How does the IP SLAs superoperation measure network connectivity across all equal-cost multipaths between the source PE device and discovered destination PE device?","CONNECTIVITY","desacuerdo","MONITORING","CONNECTIVITY","MONITORING","ollama"
"1947","How do you configure the tunnel interface and tunnel path from R11?","CONNECTIVITY","desacuerdo","CONNECTIVITY","CONNECTIVITY","ROUTING","ollama"
"2554","How to configure the GigabitEthernet0/1/3 interface with primary IP address 10.1.1.1 and mask 255.255.255.0, and mark it as connected to the outside using ip nat outside?","SECURITY","desacuerdo","CONNECTIVITY","SECURITY","CONNECTIVITY","ollama"
"608","How can we enable the IGMPv3 host stack for Source Specific Multicast (SSM) deployments in environments where fast channel change is required?","CONNECTIVITY","desacuerdo","ROUTING","ROUTING","CONNECTIVITY","openai"
"1903","What is the command to configure an FTP server with username ""mgcusr"" and password ""mgcusr""?","GENERAL","desacuerdo","SECURITY","SECURITY","GENERAL","openai"
"1420","How do you assign identification numbers to interfaces and subinterfaces on a Cisco router?","GENERAL","desacuerdo","CONNECTIVITY","GENERAL","CONNECTIVITY","ollama"
"3796","What are the configuration settings for Tunnel1, including its status and SLA and Path of Last Resort options?","CONNECTIVITY","desacuerdo","CONNECTIVITY","CONNECTIVITY","ROUTING","ollama"
"574","**Question:** What is the NAT66 configuration for stateless prefix translation for outside networks?","SECURITY","desacuerdo","CONNECTIVITY","SECURITY","CONNECTIVITY","ollama"
"577","How can we configure NPTv6 Translators to map multiple external addresses to a common internal address in a multihoming network?","ROUTING","desacuerdo","CONNECTIVITY","SECURITY","ROUTING","openai"
"2233","How can I display all outstanding certificate enrollment requests?","MONITORING","desacuerdo","SECURITY","MONITORING","SECURITY","ollama"
"2547","What is the mechanism used by Cisco Network Address Translation (NAT) to identify the VRF and datapath in VRF-aware interchassis asymmetric routing?","SECURITY","desacuerdo","CONNECTIVITY","SECURITY","ROUTING","ollama"
"1019","How do you configure LLDP on Device 1 with hold time, timer, and TLV options?","CONNECTIVITY","desacuerdo","MONITORING","CONNECTIVITY","MONITORING","ollama"
"1862","What is the correct configuration command to set up a device as a hub-master controller at the hub site?","GENERAL","desacuerdo","CONNECTIVITY","GENERAL","CONNECTIVITY","ollama"
"3193","What are the steps to apply Policy Maps to Spoke, enabling MPOL (Multicast Protocol Over Layer 2 Tunnels) on a Cisco router?","ROUTING","desacuerdo","QOS","QOS","ROUTING","openai"
"1078","How do you configure ICCP multichassis VLAN redundancy and port channel for pseudo mLACP?","ROUTING","desacuerdo","CONNECTIVITY","ROUTING","CONNECTIVITY","ollama"
"2224","What command do we need to use to define the CDP location for certificates issued by the certificate server in Cisco IOS?","SECURITY","desacuerdo","SECURITY","GENERAL","SECURITY","openai"
"4093","How can we configure NBAR Custom Applications to classify TCP or UDP traffic with an IP address that matches a domain name containing the expression ""example""?","QOS","desacuerdo","MONITORING","SECURITY","QOS","openai"
"578","How do you configure the range of ports used in NAT interface overload mapping?","SECURITY","desacuerdo","CONNECTIVITY","SECURITY","ROUTING","ollama"
"1018","How do you enable LLDP transmission on the interfaces of Device2?","MONITORING","desacuerdo","MONITORING","CONNECTIVITY","MONITORING","openai"
"4256","How can you send test packets using RTP and specify the target interfaces?","CONNECTIVITY","desacuerdo","MONITORING","CONNECTIVITY","MONITORING","ollama"
"4517","How do you prevent the removal of an active color-aware class map?","SECURITY","desacuerdo","SECURITY","SECURITY","QOS","ollama"
"868","What is the domain name and MIP ID configured for Ethernet CFM?","MONITORING","desacuerdo","MONITORING","GENERAL","MONITORING","openai"
"1431","How do I reconfigure SNMP settings for an existing user to remove the user and set up a new password?","SECURITY","desacuerdo","MONITORING","SECURITY","MONITORING","ollama"
"741","How can you enable auto mode on all ports in the ring for automatic IP address configuration?","CONNECTIVITY","desacuerdo","CONNECTIVITY","GENERAL","CONNECTIVITY","openai"
"2854","What are the steps required to configure NAT64 for FTP66 ALG support on a Cisco router?","CONNECTIVITY","desacuerdo","CONNECTIVITY","SECURITY","CONNECTIVITY","openai"
"1697","How do you configure throttling of server-group accounting and access request packets in Cisco IOS?","SECURITY","desacuerdo","SECURITY","QOS","SECURITY","openai"
"948","How can we process and classify IP GRE encapsulated Ethernet packets with transparent Ethernet bridging protocol (0x6558) as Ethernet over soft GRE packets?","QOS","desacuerdo","CONNECTIVITY","QOS","CONNECTIVITY","ollama"
"1355","What configuration was applied to disable directed broadcast forwarding and enable split horizon?","ROUTING","desacuerdo","ROUTING","SECURITY","ROUTING","openai"
"285","How can we configure NAT (Network Address Translation) to conserve IP addresses and only translate external IP addresses?","ROUTING","desacuerdo","CONNECTIVITY","SECURITY","ROUTING","openai"
"4534","How can I display statistics and configurations of all input and output policies attached to an interface?","MONITORING","desacuerdo","QOS","MONITORING","QOS","ollama"
"1284","How do I configure Cisco CSR 1k to support MSDP MD5 password authentication for IP multicast?","SECURITY","desacuerdo","ROUTING","ROUTING","SECURITY","openai"
"2512","What command is used to configure the redundancy group (RG) with a specific name?","GENERAL","desacuerdo","CONNECTIVITY","GENERAL","CONNECTIVITY","ollama"
"3320","How can we configure our network to prevent ICMP redirects from being sent to passive HSRP devices?","ROUTING","desacuerdo","SECURITY","SECURITY","ROUTING","openai"
"1942","How can we reduce the probing frequency on all channels using Zero-SLA in our Cisco ASR 1002-X router?","MONITORING","desacuerdo","MONITORING","QOS","MONITORING","openai"
"558","How can you configure a NAT configuration with a shared address pool inside a specific VRF?","SECURITY","desacuerdo","CONNECTIVITY","SECURITY","ROUTING","ollama"
"324","How can you enable CGN operating mode on a Cisco device and define a standard access list with a host?","SECURITY","desacuerdo","CONNECTIVITY","SECURITY","ROUTING","ollama"
"554","How can we ensure that different VPNs have their own separate address space for translated addresses in Cisco IOS?","SECURITY","desacuerdo","CONNECTIVITY","SECURITY","ROUTING","ollama"
"182","What is the maximum length of operation ID numbers that can be added to a multioperation group when scheduling IP SLAs operations?","QOS","desacuerdo","MONITORING","QOS","MONITORING","ollama"
"1816","How can we monitor and maintain the Login Password Retry Lockout status?","MONITORING","desacuerdo","SECURITY","MONITORING","SECURITY","ollama"
"90","What is the secondary frequency setting for IP Service Level Agreement (SLA) operation in case of a connection loss?","MONITORING","desacuerdo","MONITORING","GENERAL","MONITORING","openai"
"3509","How do you verify the operation of scheduling with show policy-map interface command to view long term trends and complete view of the policy?","QOS","desacuerdo","QOS","MONITORING","QOS","openai"
"2322","How can you specify the IP address of the remote peer in Cisco IOS?","ROUTING","desacuerdo","CONNECTIVITY","ROUTING","CONNECTIVITY","ollama"
"1020","What is the command used to clear Link Layer Discovery Protocol (LLDP) data on a Cisco device?","GENERAL","desacuerdo","MONITORING","GENERAL","MONITORING","ollama"
"2551","How do you configure redundancy, interface identifier (RII), and redundancy group with decrement number on a Cisco device?","CONNECTIVITY","desacuerdo","CONNECTIVITY","ROUTING","CONNECTIVITY","openai"
"2818","How can you configure a Layer 7 Class Map to classify Sun RPC traffic in Cisco IOS?","QOS","desacuerdo","QOS","SECURITY","QOS","openai"
"4014","How can you configure a class map to match specific applications using Cisco IOS?","QOS","desacuerdo","QOS","SECURITY","QOS","openai"
"2172","How do I specify my router as a registrar for an SDP exchange in global configuration mode?","ROUTING","desacuerdo","SECURITY","ROUTING","CONNECTIVITY","ollama"
"3561","How can we disable packet marking statistics in our Cisco device?","MONITORING","desacuerdo","MONITORING","MONITORING","QOS","ollama"
"1576","How can we enable Bidirectional Forwarding Detection (BFD) on RIPv2 neighbors?","ROUTING","desacuerdo","ROUTING","CONNECTIVITY","ROUTING","openai"
"44","What is the typical method used to evaluate the performance of UDP-based VoIP traffic when configuring IP SLAs operations?","QOS","desacuerdo","MONITORING","QOS","MONITORING","ollama"
"396","What are the steps to set high and low thresholds for an address pool in Cisco IOS?","CONNECTIVITY","desacuerdo","CONNECTIVITY","GENERAL","CONNECTIVITY","openai"
"453","How do I show NAT64 translations for the protocol TCP and configure a redundancy group-id?","CONNECTIVITY","desacuerdo","CONNECTIVITY","SECURITY","CONNECTIVITY","openai"
"3998","What is the default port number used by RTCP in NBAR configuration?","GENERAL","desacuerdo","MONITORING","GENERAL","QOS","ollama"
"1101","What is the delay variation value set for the IP SLAs Ethernet operation?","QOS","desacuerdo","MONITORING","QOS","MONITORING","ollama"
"2992","To enable SNTP (Simple Network Time Protocol) authentication on a Cisco device, which command would you use?","MONITORING","desacuerdo","MONITORING","SECURITY","MONITORING","openai"
"3697","How do we configure WRED (Weighted Random Early Detection) with exponential weighting constant to dampen changes in average queue depth for monitoring purposes?","MONITORING","desacuerdo","MONITORING","MONITORING","QOS","ollama"
"4115","How do you configure Cisco router to record the time of event occurrence on NAS using attribute 55?","MONITORING","desacuerdo","MONITORING","MONITORING","SECURITY","ollama"
"1262","How can I configure my Cisco device to control outgoing SA requests from MSDP peers based on specified criteria?","ROUTING","desacuerdo","ROUTING","SECURITY","ROUTING","openai"
"2814","What type of gateway would allow client applications to use dynamic TCP or UDP ports to communicate with the server application, recognize application-specific commands, synchronize multiple streams or sessions of data, and translate network-layer address information?","ROUTING","desacuerdo","SECURITY","ROUTING","SECURITY","ollama"
"1703","How can the Server (NAS) set up tunnels with the customer tunnel server to facilitate communication with remote users?","CONNECTIVITY","desacuerdo","CONNECTIVITY","CONNECTIVITY","SECURITY","ollama"
"3820","What is the purpose of the ""remote-ingress-bandwidth-check"" configuration command when implementing Performance Routing v3 (PfRv3) Intelligent Load Balance feature?","QOS","desacuerdo","ROUTING","QOS","ROUTING","ollama"
"298","What is the command used to enable network address translation (NAT) in Cisco IOS?","CONNECTIVITY","desacuerdo","CONNECTIVITY","SECURITY","CONNECTIVITY","openai"
"3823","What is the ingress capacity for the Tunnel20 external interface?","MONITORING","desacuerdo","MONITORING","QOS","MONITORING","openai"
"4422","How do you attach a per-flow admission policy to an interface in Cisco IOS?","QOS","desacuerdo","QOS","SECURITY","QOS","openai"
"3791","How can we enable the Performance Routing v3 (PfRv3) Zero SLA Support feature to reduce probing frequency on various ISP links?","QOS","desacuerdo","ROUTING","QOS","ROUTING","ollama"
"2855","How do we enable NAT64 for FTP66 ALG support in Cisco IOS?","ROUTING","desacuerdo","ROUTING","SECURITY","ROUTING","openai"
"2725","How do you configure the number of simultaneous packets per flow in a parameter-map type inspect command?","QOS","desacuerdo","SECURITY","QOS","SECURITY","ollama"
"830","How do I specify an interface and enter interface configuration mode on my Cisco router?","GENERAL","desacuerdo","CONNECTIVITY","GENERAL","CONNECTIVITY","ollama"
"689","How do you configure the Auto-IP functionality on node interfaces for inclusion in an Auto-IP ring?","GENERAL","desacuerdo","CONNECTIVITY","GENERAL","CONNECTIVITY","ollama"
"1431","How do I reconfigure SNMP settings for an existing user to remove the user and set up a new password?","MONITORING","desacuerdo","MONITORING","SECURITY","MONITORING","openai"
"985","What is the ID of the bridge domain configured in the network?","GENERAL","desacuerdo","CONNECTIVITY","GENERAL","CONNECTIVITY","ollama"
"933","What is the required configuration for supporting Y.1731 over Port Channel interfaces?","ROUTING","desacuerdo","MONITORING","ROUTING","MONITORING","ollama"
"2272","How do you set a primary or secondary IP address for an interface in Cisco IOS?","GENERAL","desacuerdo","CONNECTIVITY","GENERAL","CONNECTIVITY","ollama"
"1639","What command can be used in interface configuration mode to enable PPP encapsulation?","ROUTING","desacuerdo","CONNECTIVITY","ROUTING","CONNECTIVITY","ollama"
"831","How do you configure UP MEP over Port Channel in VPLS?","MONITORING","desacuerdo","MONITORING","MONITORING","CONNECTIVITY","ollama"
"4182","What is an important step to take when configuring IPsec Anti-Replay for QoS to prevent dropping packets due to old SPI?","QOS","desacuerdo","SECURITY","QOS","SECURITY","ollama"
"4442","How do you enable privileged EXEC mode and configure a class map with a match criterion on a Cisco router?","QOS","desacuerdo","QOS","GENERAL","QOS","openai"
"3772","How do you configure Data Center 1 (DC1) devices as hub-master controller?","CONNECTIVITY","desacuerdo","ROUTING","GENERAL","CONNECTIVITY","openai"
"864","What is the command to configure Ethernet CFM MIP Level 7 VLAN 101 on interface gigabitethernet3/2?","MONITORING","desacuerdo","MONITORING","MONITORING","CONNECTIVITY","ollama"
"4131","How can we configure the NAS to support login hosts?","SECURITY","desacuerdo","SECURITY","GENERAL","SECURITY","openai"
"787","What type of packets can be associated with a maintenance end point (MEP) when CFM is used over Bridge Domains?","MONITORING","desacuerdo","MONITORING","GENERAL","MONITORING","openai"
"3228","What is the primary function of HSRP (Hot Standby Router Protocol) in a network segment?","CONNECTIVITY","desacuerdo","CONNECTIVITY","CONNECTIVITY","ROUTING","ollama"
"1101","What is the delay variation value set for the IP SLAs Ethernet operation?","MONITORING","desacuerdo","MONITORING","QOS","MONITORING","openai"
"454","How do you enable NAT64 on an interface?","ROUTING","desacuerdo","CONNECTIVITY","ROUTING","CONNECTIVITY","ollama"
"3988","Can we use NBAR (Network Based Application Recognition) to classify non-IP traffic?","QOS","desacuerdo","QOS","MONITORING","QOS","openai"
"2702","What are the recommended settings for the TCP SYN wait timer and ageout time to establish a TCP session before dropping it in Cisco IOS?","SECURITY","desacuerdo","SECURITY","QOS","SECURITY","openai"
"2427","What is the purpose of the ""match protocol http"" command in the given configuration?","QOS","desacuerdo","QOS","SECURITY","QOS","openai"
"4448","How do you enable Ethernet Overhead Accounting on Gigabit Ethernet subinterface 1/0/0.100?","MONITORING","desacuerdo","QOS","MONITORING","QOS","ollama"
"46","What is the default Advantage Factor for IP SLAs VoIP UDP jitter operations?","QOS","desacuerdo","MONITORING","QOS","MONITORING","ollama"
"436","What is the configuration required to support Stateful NAT64—Intra-Chassis Redundancy feature in Cisco IOS XE Release 3.5S and later releases?","CONNECTIVITY","desacuerdo","CONNECTIVITY","SECURITY","CONNECTIVITY","openai"
"295","What are the steps to configure Network Address Translation (NAT) for specific IP addresses and ranges?","ROUTING","desacuerdo","CONNECTIVITY","SECURITY","ROUTING","openai"
"1008","What is the recommended way to configure network policy TLV and power management TLV for VLAN configurations in Cisco IOS?","GENERAL","desacuerdo","CONNECTIVITY","GENERAL","CONNECTIVITY","ollama"
"943","What type of traffic forwarding does the given configuration allow if the specified conditions are matched?","CONNECTIVITY","desacuerdo","SECURITY","ROUTING","CONNECTIVITY","openai"
"480","Can you completely disable flow cache entries when configuring NAT or NAT64?","ROUTING","desacuerdo","CONNECTIVITY","SECURITY","ROUTING","openai"
"2700","How do you enable privileged EXEC mode and configure a global parameter map with the `parameter-map` type `inspect` configuration?","SECURITY","desacuerdo","SECURITY","GENERAL","SECURITY","openai"
"475","How can you exit NAT64 MAP-T BMR configuration mode and return to privileged EXEC mode?","GENERAL","desacuerdo","CONNECTIVITY","SECURITY","GENERAL","openai"
"3426","How do you configure the VRF reference of a AAA TACACS+ server on a Cisco router?","SECURITY","desacuerdo","SECURITY","GENERAL","SECURITY","openai"
"405"," What is the Cisco IOS command to configure Stateless NAT with 64-bit translation, mapping an IPv4 address to an IPv6 host?","ROUTING","desacuerdo","CONNECTIVITY","SECURITY","ROUTING","openai"
"3982","What is the BFD configuration for Router A and Router B using the single-hop template?","CONNECTIVITY","desacuerdo","ROUTING","CONNECTIVITY","MONITORING","ollama"
"3871","How can I view summary information of all traffic classes and status information of the traffic class for the hub-master controller?","MONITORING","desacuerdo","ROUTING","MONITORING","QOS","ollama"
"3969","How can we enable IPv4 network failure detection between paths that are not directly connected in our router?","ROUTING","desacuerdo","ROUTING","ROUTING","MONITORING","ollama"
"1000","How do you enable Ethernet LMI (Local Management Interface) on a Cisco device?","GENERAL","desacuerdo","CONNECTIVITY","GENERAL","CONNECTIVITY","ollama"
"3263","How can I configure tracking for an interface using an object number?","MONITORING","desacuerdo","MONITORING","MONITORING","ROUTING","ollama"
"448","How do you configure a redundancy group with priority and failover threshold values, as well as control interface type and number?","ROUTING","desacuerdo","ROUTING","ROUTING","CONNECTIVITY","ollama"
"4079","How do you add a custom protocol to the router using the ip nbar command?","QOS","desacuerdo","QOS","ROUTING","QOS","openai"
"3294","What are the configuration commands to set the hostname for each router (RouterA and RouterB) in HSRP setup?","GENERAL","desacuerdo","ROUTING","ROUTING","GENERAL","openai"
"2400","What is the purpose of VRF-Aware IPSec in Cisco IOS, and how do we configure it to map IPsec tunnels to VPN instances?","SECURITY","desacuerdo","SECURITY","ROUTING","SECURITY","openai"
"2176","What is the correct configuration to set the timezone for the router?","MONITORING","desacuerdo","MONITORING","GENERAL","MONITORING","openai"
